Label,plus_test,minus_test
37a1,False,False
117a1,False,False
117a2,False,False
117a3,False,False
117a4,False,False
121b1,False,False
121b2,False,False
122a1,False,False
123a1,False,False
123a2,False,False
136a1,False,False
136a2,False,False
138a1,False,False
138a2,False,False
158a1,False,False
175a1,False,False
175a2,False,False
205a1,False,False
205a2,False,False
205a3,False,False
205a4,False,False
210d1,False,False
210d2,False,False
210d3,False,False
210d4,False,False
232a1,False,False
238a1,False,False
238a2,False,False
256b1,False,False
256b2,False,False
286b1,False,True
288a1,False,False
288a2,False,False
297b1,False,False
297c1,False,False
300d1,False,False
300d2,False,False
302a1,False,False
302a2,False,False
322d1,False,True
322d2,False,True
338a1,False,False
338a2,False,False
339c1,False,False
340a1,False,False
340a2,False,False
354c1,False,False
384d1,False,False
384d2,False,False
390a1,False,False
390a2,False,False
390a3,False,False
390a4,False,False
423c1,False,False
423c2,False,False
423c3,False,False
423c4,False,False
425d1,False,False
425d2,False,False
440b1,False,False
440b2,False,False
441d1,False,False
441d2,False,False
441d3,False,False
441d4,False,False
442b1,False,False
442b2,False,False
450c1,False,False
450c2,False,False
450c3,False,False
450c4,False,False
455b1,False,False
455b2,False,False
455b3,False,False
455b4,False,False
464a1,False,False
464b1,False,False
480f1,False,False
480f2,False,False
480f3,False,False
480f4,False,False
481a1,False,False
481a2,False,False
505a1,False,False
505a2,False,False
507c1,False,True
507c2,False,True
507c3,False,True
507c4,False,True
514a1,False,False
514a2,False,False
514a3,False,False
514a4,False,False
522f1,False,False
522f2,False,False
528h1,False,False
528h2,False,False
528h3,False,False
528h4,False,False
539c1,False,False
539c2,False,False
539d1,False,False
539d2,False,False
539d3,False,False
552a1,False,False
552a2,False,False
552d1,False,False
552d2,False,False
552d3,False,False
552d4,False,False
560d1,False,False
560d2,False,False
560d3,False,False
560d4,False,False
573c1,False,False
574g1,False,False
576h1,False,False
576h2,False,False
576h3,False,False
576h4,False,False
579b1,False,False
579b2,False,False
582a1,False,False
582a2,False,False
594a1,False,False
609a1,False,False
609a2,False,False
620b1,False,False
620b2,False,False
624a1,False,False
624a2,False,False
630e1,False,False
630e2,False,False
630e3,False,False
630e4,False,False
635b1,False,False
639a1,False,True
639a2,False,True
644b1,False,False
645f1,False,False
658f1,False,False
663c1,False,False
663c2,False,False
678c1,False,False
678c2,False,False
690h1,False,False
690h2,False,False
696a1,False,False
702b1,False,False
704a1,False,False
704a2,False,False
704a3,False,False
704k1,False,False
704k2,False,False
704k3,False,False
714f1,False,False
714f2,False,False
714f3,False,False
714f4,False,False
726d1,False,False
726e1,False,False
726e2,False,False
726e3,False,False
726e4,False,False
730f1,False,False
730f2,False,False
732c1,False,False
732c2,False,False
740c1,False,False
742a1,False,False
754d1,False,False
765c1,False,False
765c2,False,False
770d1,False,False
770d2,False,False
784h1,False,False
784h2,False,False
784h3,False,False
784h4,False,False
786a1,False,False
791c1,False,True
791c2,False,True
791c3,False,True
791c4,False,True
792d1,False,False
792d2,False,False
792d3,False,False
792d4,False,False
800a1,False,False
800a2,False,False
800a3,False,False
800a4,False,False
800h1,False,False
800h2,False,False
805a1,False,False
825b1,False,False
825b2,False,False
825b3,False,False
825b4,False,False
829a1,True,False
830c1,False,False
840a1,False,False
840a2,False,False
840a3,False,False
840a4,False,False
840e1,False,False
840e2,False,False
840e3,False,False
840e4,False,False
846c1,False,False
846c2,False,False
846c3,False,False
846c4,False,False
847c1,False,False
847c2,False,False
869d1,False,False
880a1,False,True
880a2,False,True
888b1,False,False
888b2,False,False
888b3,False,False
888b4,False,False
890g1,False,False
890g2,False,False
892c1,False,False
901b1,False,False
901b2,False,False
901f1,False,False
906g1,False,False
910f1,False,False
910f2,False,False
920b1,False,False
930d1,False,False
930d2,False,False
930e1,False,False
930e2,False,False
930m1,False,False
930m2,False,False
935a1,False,False
936g1,False,False
936g2,False,False
944c1,False,False
960m1,False,False
960m2,False,False
960m3,False,False
960m4,False,False
974e1,False,False
975k1,False,False
978e1,False,False
984d1,False,False
994f1,False,False
994f2,False,False
994f3,False,False
994f4,False,False
999a1,False,False
999b1,False,False
1006a1,False,False
1006c1,False,False
1017d1,False,False
1022b1,False,False
1022b2,False,False
1022b3,False,False
1022b4,False,False
1025a1,False,False
1025a2,False,False
1028b1,False,False
1034c1,False,False
1035c1,False,False
1042a1,False,False
1042a2,False,False
1048a1,False,False
1056a1,False,False
1056a2,False,False
1062a1,False,False
1062a2,False,False
1062g1,False,False
1062g2,False,False
1066a1,False,False
1066b1,False,False
1078i1,False,False
1078i2,False,False
1078i3,False,False
1078i4,False,False
1078k1,False,False
1088m1,False,False
1088m2,False,False
1089g1,False,False
1089g2,False,False
1089g3,False,False
1089g4,False,False
1089j1,False,False
1089j2,False,False
1092d1,False,False
1092d2,False,False
1096b1,False,False
1096b2,False,False
1098d1,False,False
1098e1,False,True
1098e2,False,True
1098j1,False,False
1104e1,False,False
1104e2,False,False
1107a1,False,False
1107b1,False,False
1112b1,False,False
1113b1,False,False
1113b2,False,False
1120a1,False,False
1120h1,False,False
1130a1,False,False
1130a2,False,False
1130a3,False,False
1130a4,False,False
1145a1,False,False
1145a2,False,False
1146b1,False,False
1146b2,False,False
1146b3,False,False
1146b4,False,False
1147b1,False,False
1147b2,False,False
1152p1,False,False
1152p2,False,False
1152q1,False,False
1152q2,False,False
1152r1,False,False
1152r2,False,False
1154a1,False,False
1154a2,False,False
1160a1,False,False
1160a2,False,False
1200m1,False,False
1200m2,False,False
1200m3,False,False
1200m4,False,False
1200n1,False,False
1200n2,False,False
1209b1,False,False
1210a1,False,False
1210a2,False,False
1218c1,False,False
1218c2,False,False
1225i1,False,False
1225i2,False,False
1225j1,False,False
1225j2,False,False
1227a1,False,False
1230c1,False,False
1230c2,False,False
1230c3,False,False
1230c4,False,False
1232i1,False,False
1232i2,False,False
1236b1,False,False
1242a1,False,False
1242n1,False,False
1264e1,False,False
1264e2,False,False
1264i1,False,False
1264i2,False,False
1282a1,False,False
1288e1,False,False
1300c1,False,False
1300d1,False,False
1300d2,False,False
1300e1,False,False
1320b1,False,False
1320b2,False,False
1320b3,False,False
1320b4,False,False
1320k1,False,False
1320k2,False,False
1326b1,False,False
1326b2,False,False
1326b3,False,False
1326b4,False,False
1326e1,False,False
1326e2,False,False
1338a1,False,False
1342a1,False,False
1360e1,False,False
1360e2,False,False
1360g1,False,False
1360g2,False,False
1365d1,True,False
1365d2,True,False
1365d3,True,False
1365d4,True,False
1369d1,False,False
1370b1,False,False
1370b2,False,False
1386c1,False,False
1386c2,False,False
1386c3,False,False
1386c4,False,False
1404a1,False,False
1404b1,False,False
1410b1,False,True
1410b2,False,True
1422d1,False,False
1442d1,False,True
1442d2,False,True
1450a1,False,False
1450a2,False,False
1455a1,False,False
1456i1,False,False
1456i2,False,False
1456i3,False,False
1456i4,False,False
1460a1,False,False
1460a2,False,False
1468a1,False,False
1480b1,False,False
1484c1,False,False
1484c2,False,False
1495a1,False,False
1496d1,False,False
1505b1,False,False
1518a1,False,False
1524a1,False,False
1526e1,False,False
1526e2,False,False
1530j1,False,False
1530j2,False,False
1560e1,False,False
1560e2,False,False
1560e3,False,False
1560e4,False,False
1568g1,False,False
1568g2,False,False
1568g3,False,False
1568g4,False,False
1575c1,False,False
1575c2,False,False
1575d1,False,False
1575d2,False,False
1575i1,False,False
1575i2,False,False
1580a1,False,False
1580a2,False,False
1584g1,False,False
1584g2,False,False
1584g3,False,False
1584g4,False,False
1588a1,False,False
1599d1,False,False
1600t1,False,False
1600t2,False,False
1600u1,False,False
1600u2,False,False
1610b1,False,False
1610b2,False,False
1611a1,False,False
1611a2,False,False
1632h1,False,False
1632h2,False,False
1632h3,False,False
1632h4,False,False
1640f1,False,False
1640f2,False,False
1646d1,False,False
1659d1,False,False
1659d2,False,False
1659d3,False,False
1659d4,False,False
1664d1,False,False
1664d2,False,False
1664e1,False,False
1664e2,False,False
1664s1,False,False
1664s2,False,False
1680g1,False,False
1680g2,False,False
1680g3,False,False
1680g4,False,False
1682a1,False,False
1682a2,False,False
1694c1,False,False
1694d1,False,False
1694d2,False,False
1694d3,False,False
1694d4,False,False
1694e1,False,False
1714a1,False,False
1714a2,False,False
1722l1,False,False
1722l2,False,False
1727b1,False,False
1734c1,False,False
1734c2,False,False
1734c3,False,False
1734c4,False,False
1737a1,False,False
1737a2,False,False
1746c1,False,False
1746c2,False,False
1746c3,False,False
1746c4,False,False
1746e1,False,False
1746e2,False,False
1747a1,False,False
1760b1,False,False
1760b2,False,False
1760i1,False,True
1760i2,False,True
1780b1,False,False
1780b2,False,False
1790d1,False,False
1790d2,False,False
1794d1,False,False
1794d2,False,False
1795b1,False,False
1806c1,False,False
1806c2,False,False
1810c1,False,False
1827c1,False,False
1827c2,False,False
1845a1,False,False
1845b1,False,True
1845d1,False,False
1845d2,False,False
1849a1,False,False
1849a2,False,False
1850e1,False,False
1850n1,False,False
1854d1,False,False
1856i1,False,False
1856l1,False,False
1856l2,False,False
1856m1,False,False
1859a1,False,False
1859a2,False,False
1859a3,False,False
1860c1,False,False
1860c2,False,False
1866g1,False,False
1878c1,False,False
1878c2,False,False
1880b1,False,False
1884b1,False,False
1884b2,False,False
1886d1,False,False
1886d2,False,False
1890t1,False,False
1904e1,False,False
1904e2,False,False
1910a1,False,False
1910a2,False,False
1911f1,False,False
1911f2,False,False
1911f3,False,False
1911f4,False,False
1914l1,False,False
1914l2,False,False
1920j1,False,False
1920j2,False,False
1920s1,False,False
1920s2,False,False
1925f1,False,False
1925f2,False,False
1925h1,False,False
1925h2,False,False
1925i1,False,False
1925i2,False,False
1936g1,False,False
1936g2,False,False
1936g3,False,False
1950h1,False,False
1950r1,False,False
1953a1,False,False
1953b1,False,False
1958a1,False,False
1958a2,False,False
1958a3,False,False
1958a4,False,False
1968a1,False,False
1968j1,False,False
1968j2,False,False
1975d1,False,False
1975d2,False,False
1982a1,False,False
1987a1,False,False
1988a1,False,False
1998a1,False,False
2005a1,False,False
2005a2,False,False
2005a3,False,False
2005a4,False,False
2016a1,False,False
2016a2,False,False
2016j1,False,False
2016j2,False,False
2022g1,False,False
2022g2,False,False
2022g3,False,False
2022g4,False,False
2022j1,False,False
2054b1,False,False
2054d1,False,False
2054e1,False,False
2054e2,False,False
2054f1,False,False
2056d1,False,False
2056d2,False,False
2070h1,False,False
2070h2,False,False
2070n1,False,False
2070n2,False,False
2070n3,False,False
2070n4,False,False
2074a1,False,False
2074a2,False,False
2079a1,False,False
2079b1,False,False
2079c1,False,False
2079d1,False,False
2088d1,False,False
2089a1,False,False
2096a1,False,False
2112b1,False,False
2112b2,False,False
2112d1,False,False
2112d2,False,False
2112d3,False,False
2112d4,False,False
2112p1,False,False
2112p2,False,False
2112v1,False,False
2112v2,False,False
2112v3,False,False
2112v4,False,False
2112w1,False,False
2112w2,False,False
2112w3,False,False
2112w4,False,False
2126a1,False,False
2142e1,False,False
2142e2,False,False
2146d1,False,False
2150n1,False,False
2154h1,False,False
2168a1,False,False
2170j1,False,False
2170j2,False,False
2175e1,False,False
2175e2,False,False
2175f1,False,False
2175f2,False,False
2178d1,False,False
2184a1,False,False
2184a2,False,False
2184k1,False,False
2184k2,False,False
2190b1,False,True
2192b1,False,False
2192b2,False,False
2196c1,False,False
2196c2,False,False
2198a1,False,False
2210e1,False,False
2210e2,False,False
2211c1,False,False
2214a1,False,False
2224a1,False,False
2226d1,False,False
2226d2,False,False
2226i1,False,False
2226i2,False,False
2240u1,False,False
2240x1,False,True
2256j1,False,False
2256j2,False,False
2256j3,False,False
2256j4,False,False
2265d1,False,False
2265d2,False,False
2265f1,False,False
2265g1,False,False
2282b1,False,False
2288e1,False,False
2288e2,False,False
2288g1,False,False
2290a1,False,False
2290a2,False,False
2290c1,False,False
2290d1,False,False
2290d2,False,False
2295g1,False,False
2304a1,False,False
2304a2,False,False
2304b1,False,False
2304b2,False,False
2304p1,False,False
2304p2,False,False
2310a1,False,False
2310a2,False,False
2310a3,False,False
2310a4,False,False
2310c1,False,False
2310c2,False,False
2310c3,False,False
2310c4,False,False
2310k1,False,False
2310k2,False,False
2310k3,False,False
2310k4,False,False
2320b1,False,False
2320b2,False,False
2320c1,False,False
2320c2,False,False
2340c1,False,False
2343h1,False,False
2346i1,False,False
2357a1,False,False
2368q1,False,False
2373d1,False,False
2373d2,False,False
2378a1,False,False
2392a1,False,False
2400d1,False,False
2400d2,False,False
2400d3,False,False
2400d4,False,False
2402a1,False,False
2402a2,False,False
2405a1,False,False
2406e1,False,False
2406g1,False,False
2408c1,False,False
2408c2,False,False
2408c3,False,False
2408c4,False,False
2409e1,False,False
2409e2,False,False
2414b1,False,False
2414b2,False,False
2415a1,False,False
2415a2,False,False
2415a3,False,False
2415a4,False,False
2415i1,False,False
2415i2,False,False
2442a1,False,False
2442a2,False,False
2442c1,False,False
2442c2,False,False
2442c3,False,False
2442c4,False,False
2442d1,False,False
2443c1,False,False
2450a1,False,False
2450ba1,False,True
2454a1,False,False
2454a2,False,False
2464k1,False,False
2464k2,False,False
2490k1,False,False
2490k2,False,False
2502g1,False,False
2502g2,False,False
2520a1,False,False
2520a2,False,False
2520n1,False,False
2520n2,False,False
2520o1,False,False
2520o2,False,False
2520o3,False,False
2520o4,False,False
2522d1,False,False
2525b1,False,False
2525b2,False,False
2534h1,False,False
2535d1,False,False
2535l1,False,False
2539a1,False,False
2540a1,False,False
2555a1,False,False
2574h1,False,False
2574h2,False,False
2574i1,False,False
2574j1,False,False
2574j2,False,False
2574j3,False,False
2574j4,False,False
2574k1,False,True
2574k2,False,True
2576a1,False,False
2576c1,False,False
2576c2,False,False
2576m1,False,False
2576p1,False,False
2576p2,False,False
2585b1,False,False
2590a1,False,False
2590a2,False,False
2610e1,False,False
2610e2,False,False
2610e3,False,False
2610e4,False,False
2610j1,False,False
2610j2,False,False
2610j3,False,False
2610j4,False,False
2611c1,False,False
2619a1,False,False
2619b1,False,False
2630a1,False,False
2630c1,False,False
2632a1,False,False
2632a2,False,False
2634b1,False,False
2640k1,False,True
2640k2,False,True
2640k3,False,True
2640k4,False,True
2656d1,False,False
2656f1,False,False
2664d1,False,False
2664d2,False,False
2670f1,False,False
2670f3,False,False
2670f4,False,False
2674d1,False,False
2674d2,False,False
2680b1,False,False
2685c1,False,False
2686b1,False,False
2686b2,False,False
2688a1,False,False
2688a2,False,False
2688j1,False,True
2688j2,False,True
2688l1,False,False
2688l2,False,False
2688n1,False,False
2688n2,False,False
2688r1,False,False
2688r2,False,False
2690a1,False,False
2690b1,False,False
2694g1,False,False
2696a1,False,False
2706l1,False,True
2706l2,False,True
2706q1,False,False
2706q2,False,False
2712h1,False,False
2712i1,False,False
2718i1,False,False
2718j1,False,False
2718j2,False,False
2720f1,False,False
2720f2,False,False
2730a1,False,False
2730a2,False,False
2730a3,False,False
2730a4,False,False
2751d1,False,False
2751d2,False,False
2751d3,False,False
2751d4,False,False
2760c1,False,False
2760h1,False,False
2760h2,False,False
2760h3,False,False
2760h4,False,False
2770a1,False,False
2770a2,False,False
2778a1,False,True
2790i1,False,False
2790i2,False,False
2800y1,False,True
2800y2,False,True
2810d1,False,False
2814a1,False,False
2814a2,False,False
2814a3,False,False
2814a4,False,False
2826b1,False,False
2826b2,False,False
2828b1,False,False
2842e1,False,False
2842e2,False,False
2844b1,False,False
2844b2,False,False
2847b1,False,False
2847b2,False,False
2865b1,False,False
2867a1,False,True
2868d1,False,False
2898u1,False,False
2904j1,False,False
2904k1,False,False
2904k2,False,False
2904k3,False,False
2904k4,False,False
2922d1,False,False
2924a1,False,False
2925i1,False,False
2925m1,False,False
2925m2,False,False
2925p1,False,False
2925r1,False,False
2925r2,False,False
2928i1,False,False
2928j1,False,False
2928j2,False,False
2934a1,False,False
2934a2,False,False
2952c1,False,False
2960b1,False,False
2960k1,False,False
2976c1,False,False
2976c2,False,False
2990f1,False,True
2992e1,True,False
3006c1,False,False
3006c2,False,False
3006f1,False,False
3016c1,False,False
3016c2,False,False
3025a1,False,False
3025a2,False,False
3026c1,False,False
3026d1,False,False
3026d2,False,False
3026e1,False,False
3026e2,False,False
3036d1,False,False
3036d2,False,False
3036f1,False,False
3036h1,False,False
3042l1,False,False
3042l2,False,False
3047b1,False,False
3052b1,False,False
3066f1,False,False
3066f2,False,False
3071a1,False,False
3075g1,False,False
3075g2,False,False
3075l1,False,False
3075l2,False,False
3080c1,False,False
3080c2,False,False
3080c3,False,False
3080c4,False,False
3090e1,False,False
3096g1,False,False
3096g2,False,False
3102f1,False,False
3120a1,False,False
3120a2,False,False
3120a3,False,False
3120a4,False,False
3120f1,False,False
3120f2,False,False
3120f3,False,False
3120f4,False,False
3120u1,False,False
3120u2,False,False
3120u3,False,False
3120u4,False,False
3122d1,False,False
3122d2,False,False
3122e1,False,False
3122e2,False,False
3128a1,False,False
3128a2,False,False
3136r1,False,False
3136r2,False,False
3136r3,False,False
3136r4,False,False
3136t1,False,False
3136t2,False,False
3136t3,False,False
3136t4,False,False
3136u1,False,False
3136u2,False,False
3136v1,False,False
3136v2,False,False
3150n1,False,False
3150n2,False,False
3150o1,False,False
3150o2,False,False
3150o3,False,False
3150o4,False,False
3158d1,False,False
3159e1,False,False
3159f1,False,False
3166c1,False,False
3171a1,False,True
3175b1,False,False
3179c1,False,False
3179c2,False,False
3179c3,False,False
3184a1,False,False
3199b1,False,False
3199b2,False,False
3201h1,False,False
3201h2,False,False
3214a1,False,False
3225h1,False,False
3229a1,False,True
3234g1,False,False
3234g2,False,False
3235c1,False,False
3238b1,False,False
3258a1,False,False
3264v1,False,False
3264v2,False,False
3264v3,False,False
3264v4,False,False
3267e1,False,False
3267f1,False,False
3267g1,False,False
3267h1,False,False
3267i1,False,False
3270a1,False,False
3270a2,False,False
3270a3,False,False
3270a4,False,False
3280k1,False,False
3280k2,False,False
3294a1,False,False
3294j1,False,False
3310c1,False,False
3312g1,False,False
3312g2,False,False
3312g3,False,False
3312g4,False,False
3312o1,False,False
3312o2,False,False
3315c1,False,False
3315c3,False,False
3315c4,False,False
3320a1,False,False
3321a1,False,False
3324b1,False,False
3324b2,False,False
3333e1,False,False
3339b1,False,False
3339b2,False,False
3360c1,False,False
3360c2,False,False
3360c3,False,False
3360c4,False,False
3360k1,False,False
3360k2,False,False
3360k3,False,False
3360k4,False,False
3360m1,False,False
3360m2,False,False
3360m3,False,False
3360m4,False,False
3366g1,False,False
3366g2,False,False
3370f1,False,False
3374a1,False,False
3374a2,False,False
3378c1,False,False
3380h1,False,False
3380h2,False,False
3381g1,False,False
3381l1,False,False
3393d1,False,False
3395a1,False,False
3397d1,False,False
3400c1,False,True
3400c2,False,True
3404b1,False,False
3408f1,False,False
3408f2,False,False
3421a1,False,False
3422a1,False,False
3422b1,False,False
3423c1,False,False
3423c2,False,False
3432c1,False,False
3432c2,False,False
3438a1,False,False
3438a2,False,False
3438a3,False,False
3438a4,False,False
3444e1,False,False
3445a1,True,True
3445a2,True,True
3445b1,False,False
3450j1,False,False
3450j3,False,False
3450j4,False,False
3450u1,False,False
3450u2,False,False
3456d1,False,False
3456p1,False,False
3462a1,False,False
3462a2,False,False
3474g1,False,False
3474g2,False,False
3480c1,False,False
3480c2,False,False
3480c3,False,False
3480c4,False,False
3480q1,False,False
3486h1,False,False
3486h2,False,False
3504j1,False,False
3504j2,False,False
3509e1,False,False
3510a1,False,False
3510o1,False,False
3514d1,False,False
3519a1,False,False
3519b1,False,False
3520n1,False,False
3520n2,False,False
3525b1,False,True
3525b2,False,True
3525b3,False,True
3525b4,False,True
3536j1,False,False
3536j2,False,False
3540c1,False,False
3540c2,False,False
3540h1,False,False
3540h2,False,False
3545a1,False,False
3545a2,False,False
3560d1,False,False
3560d2,False,False
3570p1,False,False
3570p3,False,False
3570r1,False,False
3570r2,False,False
3570r3,False,False
3570r4,False,False
3570u1,False,False
3570u3,False,False
3570u4,False,False
3579b1,False,False
3586d1,True,False
3594d1,False,False
3594e1,False,False
3603b1,False,False
3603b2,False,False
3606c1,False,False
3606c2,False,False
3606c3,False,False
3606c4,False,False
3606d1,False,False
3612c1,False,False
3612c2,False,False
3615f1,False,False
3615f2,False,False
3615g1,False,False
3615g2,False,False
3615g3,False,False
3615g4,False,False
3627a1,False,False
3654l1,False,False
3654l2,False,False
3654r1,False,False
3654r2,False,False
3655a1,False,False
3655a2,False,False
3660c1,False,False
3660c2,False,False
3670e1,False,False
3672b1,False,False
3672k1,False,True
3680i1,False,False
3696q1,False,False
3696q2,False,False
3696q3,False,False
3696q4,False,False
3700d1,False,False
3708a1,False,False
3718a1,False,False
3718b1,False,False
3720a1,False,True
3720a2,False,True
3720d1,False,True
3720d2,False,True
3726a1,False,False
3726g1,False,False
3728d1,False,False
3728d2,False,False
3731b1,False,False
3752f1,False,False
3752g1,False,False
3758e1,False,False
3758f1,False,False
3770g1,False,False
3770g2,False,False
3774m1,False,False
3776d1,False,False
3776x1,False,False
3777c1,False,False
3783a1,False,False
3783a2,False,False
3815a1,False,False
3818c1,False,False
3822a1,False,False
3825a1,False,True
3825a2,False,True
3825h1,False,False
3825h2,False,False
3840b1,False,False
3840b2,False,False
3840s1,False,False
3840s2,False,False
3846e1,False,False
3846f1,False,False
3848b1,False,False
3849c1,False,False
3850k1,False,False
3850k2,False,False
3867a1,False,True
3870b1,False,False
3870b2,False,False
3870o1,False,False
3870o2,False,False
3872a1,False,False
3872a2,False,False
3885c1,False,False
3885c2,False,False
3885c3,False,False
3885c4,False,False
3885g1,False,False
3885g2,False,False
3894n1,False,False
3894n2,False,False
3904i1,False,False
3906i1,False,True
3906i2,False,True
3906i3,False,True
3906i4,False,True
3922a1,False,False
3927c1,False,False
3927d1,False,True
3927d2,False,True
3927d3,False,True
3927d4,False,True
3928a1,False,False
3934a1,False,False
3934a2,False,False
3950a1,False,False
3950a2,False,False
3950d1,False,False
3950d2,False,False
3955a1,False,False
3959a1,False,False
3959c1,False,False
3960i1,False,False
3960i2,False,False
3960n1,False,False
3960n2,False,False
3960n3,False,False
3960n4,False,False
3974a1,False,False
3978d1,False,False
3978d2,False,False
3978e1,False,False
3978e2,False,False
3984d1,False,False
3984d2,False,False
3998d1,False,False
4002a1,False,False
4002a2,False,False
4004a1,False,False
4005a1,False,False
4005b1,False,False
4008c1,False,True
4010a1,False,True
4018m1,False,False
4018n1,False,False
4018n2,False,False
4032v1,False,False
4032v2,False,False
4032w1,False,False
4032w2,False,False
4035a1,False,False
4035a2,False,False
4035a3,False,False
4035a4,False,False
4044a1,False,False
4046q1,False,True
4046q2,False,True
4053f1,False,False
4053f2,False,False
4053g1,False,False
4053g2,False,False
4053g3,False,False
4053g4,False,False
4056p1,False,False
4056p2,False,False
4056q1,False,False
4068c1,False,False
4070b1,False,False
4070b2,False,False
4074k1,True,False
4077b1,False,False
4095e1,False,False
4095e2,False,False
4095g1,False,False
4095g2,False,False
4095g3,False,False
4095g4,False,False
4098c1,False,False
4112a1,False,False
4112g1,False,False
4112i1,False,False
4112i2,False,False
4112i3,False,False
4112i4,False,False
4128k1,False,False
4128m1,False,False
4136e1,False,False
4136f1,False,False
4158h1,False,False
4158x1,False,False
4160h1,False,False
4160h2,False,False
4165g1,False,False
4165j1,False,False
4165j2,False,False
4165k1,False,False
4166a1,False,False
4176b1,False,False
4176b2,False,False
4176g1,False,False
4176h1,False,False
4176l1,False,False
4176t1,False,False
4176t2,False,False
4181c1,False,False
4182b1,False,False
4194c1,False,False
4194c2,False,False
4202c1,False,False
4215g1,False,False
4215h1,False,False
4224l1,False,False
4224l2,False,False
4224m1,False,False
4224m2,False,False
4224s1,False,False
4224s2,False,False
4225c1,False,False
4225c2,False,False
4230bh1,False,False
4230bh2,False,False
4238d1,False,False
4248h1,False,False
4251b1,False,False
4251b2,False,False
4266a1,False,False
4266b1,False,False
4266c1,False,False
4266d1,False,False
4266f1,False,False
4266h1,False,False
4266j1,False,False
4266p1,False,False
4266s1,False,False
4266t1,False,False
4277b1,False,False
4286a1,False,False
4290e1,False,False
4290e2,False,False
4290e3,False,False
4290e4,False,False
4290r1,False,False
4290r2,False,False
4305c1,False,False
4305c2,False,False
4305g1,False,False
4305g2,False,False
4306b1,False,False
4306b2,False,False
4320b1,False,False
4320h1,False,False
4326o1,False,False
4326o2,False,False
4329f1,False,False
4329f2,False,False
4336a1,False,False
4338c1,False,False
4338c2,False,False
4342a1,False,False
4346a1,False,False
4350a1,False,False
4350a2,False,False
4350a3,False,False
4350a4,False,False
4350c1,False,False
4350g1,False,False
4350g2,False,False
4350n1,False,False
4350n2,False,False
4350n3,False,False
4350n4,False,False
4350r1,False,False
4350r2,False,False
4350r3,False,False
4350r4,False,False
4350ba1,False,False
4350ba2,False,False
4365e1,False,False
4368l1,False,False
4368l2,False,False
4368v1,False,False
4368v2,False,False
4386g1,False,False
4386g2,False,False
4386k1,False,False
4386k2,False,False
4390c1,False,False
4390c2,False,False
4390d1,False,False
4400a1,False,False
4400a2,False,False
4410j1,False,False
4410j2,False,False
4410m1,False,False
4410m2,False,False
4410m3,False,False
4410m4,False,False
4415b1,False,False
4416n1,False,False
4416n2,False,False
4416n3,False,False
4416n4,False,False
4416u1,False,False
4416u2,False,False
4416v1,False,False
4416v2,False,False
4422g1,False,False
4422g2,False,False
4422n1,False,False
4425g1,False,True
4425h1,False,False
4426a1,False,False
4434a1,False,False
4445a1,False,False
4450a1,False,False
4450a2,False,False
4450f1,False,False
4450g1,False,False
4450j1,False,False
4450k1,False,False
4458e1,False,False
4458e2,False,False
4458g1,False,False
4470d1,False,False
4470d2,False,False
4470f1,False,False
4470f2,False,False
4485a1,False,False
4485a2,False,False
4485d1,False,False
4485e1,False,False
4485e2,False,False
4488g1,False,False
4488g2,False,False
4490d1,False,False
4490f1,False,False
4490f2,False,False
4495d1,False,False
4495d2,False,False
4502a1,False,False
4508a1,False,False
4510d1,False,False
4510d2,False,False
4510k1,False,False
4510k2,False,False
4512j1,False,False
4512m1,False,False
4512n1,False,False
4512o1,False,False
4515e1,False,False
4515e2,False,False
4515e3,False,False
4515e4,False,False
4524b1,False,False
4524b2,False,False
4526d1,False,False
4526d2,False,False
4530a1,False,False
4530a2,False,False
4530c1,False,False
4530c2,False,False
4530d1,False,False
4530d2,False,False
4550h1,False,False
4550h2,False,False
4550h3,False,False
4550h4,False,False
4550w1,False,True
4550w2,False,True
4554g1,False,False
4554j1,False,False
4554k1,False,False
4554k3,False,False
4554v1,False,False
4554v2,False,False
4554bh1,False,False
4566c1,False,False
4573a1,False,False
4576b1,False,False
4576f1,False,False
4580a1,False,False
4580a2,False,False
4584b1,False,False
4590h1,False,False
4592h1,False,False
4592h2,False,False
4620a1,False,False
4620a2,False,False
4620b1,False,False
4620b2,False,False
4624d1,False,False
4624d2,False,False
4626a1,False,False
4626g1,False,False
4640e1,False,False
4640e2,False,False
4641g1,False,False
4641g2,False,False
4650i1,False,False
4650k1,False,False
4650k2,False,False
4650m1,False,False
4650m2,False,False
4650r1,False,False
4650r2,False,False
4650bc1,False,True
4650bd1,False,False
4650bd2,False,False
4656b1,False,False
4656b2,False,False
4656g1,False,False
4656g2,False,False
4656g3,False,False
4656g4,False,False
4656j1,False,False
4656j2,False,False
4660a1,False,False
4664b1,False,False
4670c1,False,False
4680g1,False,False
4680g2,False,False
4680g3,False,False
4680g4,False,False
4680v1,False,False
4680v2,False,False
4680v3,False,False
4680v4,False,False
4683d1,False,False
4686a1,False,False
4686a2,False,False
4686a3,False,False
4686a4,False,False
4704c1,False,False
4704n1,False,False
4704n2,False,False
4704o1,False,False
4704w1,False,True
4704w2,False,True
4710d1,False,False
4720c1,False,False
4720c2,False,False
4730a1,False,False
4730a2,False,False
4734b1,False,False
4737b1,False,False
4744a1,False,False
4744a2,False,False
4746a1,False,False
4746a2,False,False
4746c1,False,False
4746c2,False,False
4746d1,False,False
4746d2,False,False
4747a1,False,False
4752l1,False,False
4764c1,False,False
4764d1,False,False
4764d2,False,False
4774j1,False,False
4784a1,False,False
4785b1,False,False
4785b2,False,False
4794b1,False,False
4794b2,False,False
4794d1,False,False
4794d2,False,False
4797c1,False,False
4799a1,False,False
4800bd1,False,False
4800bd2,False,False
4800bd3,False,False
4800bd4,False,False
4800bg1,False,False
4800bg2,False,False
4800bv1,False,False
4800bv2,False,False
4800bv3,False,False
4800bv4,False,False
4800by1,False,False
4800by2,False,False
4800ch1,False,False
4800ch2,False,False
4800ch3,False,False
4800ch4,False,False
4810g1,False,False
4810g2,False,False
4810h1,False,False
4810h3,False,False
4818a1,False,False
4818a2,False,False
4818c1,False,False
4818c2,False,False
4821a1,False,False
4824b1,False,False
4827e1,False,False
4827f1,False,False
4830q1,False,False
4830q3,False,False
4830r1,False,False
4830r2,False,False
4830ba2,False,False
4830ba3,False,False
4830ba4,False,False
4830bf1,False,False
4830bf2,False,False
4840b1,False,False
4840b2,False,False
4847b1,False,False
4848k1,False,False
4848k2,False,False
4850b1,False,False
4851j1,False,False
4851j2,False,False
4851j3,False,False
4851j4,False,False
4851k1,False,False
4851k2,False,False
4851l1,False,False
4851l2,False,False
4870c1,False,False
4872a1,False,False
4872a2,False,False
4872b1,False,False
4872b2,False,False
4874a1,False,False
4874e1,False,False
4886a1,False,False
4890d1,False,False
4890j1,False,False
4890j2,False,False
4895c1,False,False
4895c2,False,False
4899c1,False,False
4899c2,False,False
4900j1,False,False
4900l1,False,False
4900o1,False,False
4908a1,False,False
4908b1,False,False
4910d1,False,False
4914x1,False,True
4928d1,True,False
4928d2,True,False
4928e1,False,False
4928e2,False,False
4928q1,False,False
4928q2,False,False
4928bb1,False,False
4928bb2,False,False
4928bb3,False,False
4928bb4,False,False
4938b1,False,False
4944g1,False,False
4945c1,False,False
4950bf1,False,False
4950bf2,False,False
4950bf3,False,False
4950bf4,False,False
4953a1,False,False
4953a2,False,False
4968c1,False,False
4968q1,False,False
4977a1,False,False
4977a2,False,False
4977b1,False,False
4977b2,False,False
4977b3,False,False
4977b4,False,False
4998bh1,False,False
4998br1,False,False
5008c1,False,False
5030h1,False,False
5034e1,False,False
5034e2,False,False
5034g1,False,False
5040g1,False,False
5040g2,False,False
5040k1,False,False
5040k2,False,False
5040k3,False,False
5040k4,False,False
5040p1,False,False
5040p2,False,False
5040p3,False,False
5040p4,False,False
5040bn1,False,False
5040bn2,False,False
5040bn3,False,False
5040bn4,False,False
5040bo1,False,True
5040bo2,False,True
5040bo3,False,True
5040bo4,False,True
5043b1,False,False
5056b1,False,False
5056b2,False,False
5056f1,False,False
5056f2,False,False
5056r1,False,False
5056r2,False,False
5056v1,False,False
5056v2,False,False
5060c1,False,False
5066b1,False,False
5066b2,False,False
5070q1,False,False
5070q2,False,False
5070q3,False,False
5070q4,False,False
5076c1,False,False
5076d1,False,False
5085a1,False,False
5085f1,False,False
5095a1,False,False
5109b1,False,False
5109b2,False,False
5112b1,False,False
5112b2,False,False
5115c1,False,False
5115c2,False,False
5115c3,False,False
5115c4,False,False
5123a1,False,False
5131a1,False,False
5133a1,False,False
5134b1,False,False
5134b2,False,False
5139c1,False,False
5148a1,False,False
5148a2,False,False
5160c1,False,False
5160c2,False,False
5160n1,False,False
5160n2,False,False
5160n3,False,False
5160n4,False,False
5162d1,False,False
5166b1,False,False
5166p1,False,False
5166p2,False,False
5166v1,False,False
5175i1,False,False
5190p1,False,False
5190p2,False,False
5190p3,False,False
5190p4,False,False
5200w1,False,False
5200w2,False,False
5200x1,False,False
5200z1,False,False
5200z2,False,False
5200bd1,False,False
5200bf1,False,False
5200bf2,False,False
5202j1,False,False
5202j2,False,False
5202j3,False,False
5202j4,False,False
5202k1,False,False
5202k2,False,False
5202k3,False,False
5202k4,False,False
5208j1,False,False
5208j2,False,False
5208j3,False,False
5208j4,False,False
5210c1,False,False
5210c2,False,False
5214c1,False,False
5214c2,False,False
5222b1,False,False
5222b2,False,False
5240b1,False,False
5240f1,False,False
5254f1,False,False
5262d1,False,False
5264d1,False,False
5264d2,False,False
5264g1,False,False
5265a1,False,False
5265n1,False,False
5266a1,False,False
5268b1,False,False
5272a1,False,False
5274a1,False,False
5274f1,False,False
5277a1,False,False
5280j1,False,False
5280j2,False,False
5280j3,False,False
5280j4,False,False
5298b1,False,False
5304h1,False,False
5304h2,False,False
5304i1,False,False
5304i2,False,False
5304l1,False,False
5304l2,False,False
5306a1,False,False
5306a2,False,False
5309a1,False,False
5312n1,False,False
5312p1,False,False
5313c1,False,False
5313c2,False,False
5322b1,False,False
5322b2,False,False
5325a1,False,False
5325a2,False,False
5328f1,False,False
5328f2,False,False
5328f3,False,False
5328f4,False,False
5328h1,False,False
5328h2,False,False
5328q1,False,False
5330h1,False,False
5353a1,False,False
5355h1,False,False
5355h2,False,False
5355h3,False,False
5355h4,False,False
5355p1,False,False
5355p2,False,False
5355p3,False,False
5355p4,False,False
5362d1,False,True
5362d2,False,True
5368d1,False,False
5376b1,False,False
5376b2,False,False
5376k1,False,False
5376k2,False,False
5382a1,False,False
5382a2,False,False
5382h1,False,False
5382h2,False,False
5390a1,False,False
5390j1,False,False
5390j2,False,False
5390o1,False,True
5397b1,False,False
5408a1,False,False
5408a2,False,False
5408a3,False,False
5408a4,False,False
5408k1,False,False
5408k2,False,False
5409a1,False,False
5418l1,False,False
5418l2,False,False
5424b1,False,False
5424c1,False,False
5424d1,False,False
5424r1,False,False
5424s1,False,False
5424t1,False,False
5424t2,False,False
5430a1,False,False
5430a2,False,False
5430a3,False,False
5430a4,False,False
5436c1,False,False
5436c2,False,False
5436d1,False,False
5440i1,False,False
5440i2,False,False
5440m1,False,False
5440m2,False,False
5440n1,False,False
5440n2,False,False
5440o1,False,False
5440o2,False,False
5450c1,False,False
5450n1,False,False
5458b1,False,False
5460a1,False,False
5460a2,False,False
5461a1,False,False
5474d1,False,False
5474d2,False,False
5478d1,False,False
5478d2,False,False
5478i1,False,False
5478i2,False,False
5481f1,False,False
5481g1,False,False
5520g1,False,False
5520g2,False,False
5520g3,False,False
5520g4,False,False
5520i1,False,False
5520r1,False,False
5520r2,False,False
5520r3,False,False
5520r4,False,False
5520x1,False,False
5520y1,False,False
5520y2,False,False
5520z1,False,False
5520z2,False,False
5523d1,False,False
5530g1,False,False
5530l1,False,False
5530l2,False,False
5535h1,False,False
5535i1,False,False
5537c1,False,False
5537c2,False,False
5537c3,False,False
5537c4,False,False
5550k1,False,False
5550r1,False,False
5550ba1,False,False
5550bc1,False,True
5550bc3,False,True
5550bc4,False,True
5556c1,False,False
5560c1,False,False
5560c2,False,False
5562a1,False,False
5562c1,False,False
5566a1,False,False
5568l1,False,False
5568u1,False,False
5572c1,False,False
5574g1,False,False
5576g1,False,False
5577d1,False,False
5577d2,False,False
5577d3,False,False
5577d4,False,False
5580d1,False,False
5580d2,False,False
5595a1,False,True
5600r1,False,False
5600t1,False,False
5610d1,False,False
5610d2,False,False
5610m1,False,False
5610m2,False,False
5610m3,False,False
5610m4,False,False
5610bi1,False,False
5610bi3,False,False
5610bi4,False,False
5610bj1,False,False
5610bj2,False,False
5610bj3,False,False
5610bj4,False,False
5614d1,False,False
5614d2,False,False
5616bb1,False,False
5616bd1,False,False
5628d1,False,False
5628d2,False,False
5648f1,False,False
5648f2,False,False
5650a1,False,False
5650a2,False,False
5650a3,False,False
5650a4,False,False
5652b1,False,False
5652b2,False,False
5652c1,False,False
5655e1,False,False
5655f1,False,False
5655h1,False,False
5656c1,False,False
5658e1,False,False
5658e2,False,False
5663b1,False,False
5663b2,False,False
5664a1,False,False
5664c1,False,False
5670a1,False,False
5670m1,False,False
5673d1,False,False
5678a1,False,False
5678a2,False,False
5679a1,False,False
5680b1,False,False
5680b2,False,False
5712g1,False,False
5712g3,False,False
5712bb1,False,False
5712bb2,False,False
5712bb3,False,False
5712bb4,False,False
5715e1,False,False
5725b1,False,False
5725b2,False,False
5730a1,False,False
5730r1,False,False
5733g1,False,False
5733g2,False,False
5733g3,False,False
5733g4,False,False
5736h1,False,False
5736h2,False,False
5736h3,False,False
5736h4,False,False
5736i1,False,False
5739a1,False,True
5742g1,False,False
5742g2,False,False
5746a1,False,False
5746a2,False,False
5758a1,False,False
5760t1,False,False
5760t2,False,False
5760v1,False,False
5760v2,False,False
5760z1,False,False
5760z2,False,False
5760bj1,False,False
5760bj2,False,False
5760bm1,False,False
5760bm2,False,False
5760bn1,False,False
5760bn2,False,False
5775k1,False,False
5775k2,False,False
5775m1,False,False
5775m2,False,False
5775x1,False,False
5775x2,False,False
5775z1,False,False
5775z2,False,False
5780d1,False,False
5780d2,False,False
5784d1,False,False
5784d2,False,False
5786b1,False,False
5790d1,False,False
5790d2,False,False
5790d3,False,False
5790d4,False,False
5790e1,False,False
5790e2,False,False
5796g1,False,False
5800a1,False,True
5800c1,False,False
5800c2,False,False
5808l1,False,False
5808m1,False,False
5808n1,False,False
5808n2,False,False
5808n3,False,False
5808n4,False,False
5808q1,False,False
5808r1,False,False
5808v1,False,False
5808v2,False,False
5808v3,False,False
5808v4,False,False
5820b1,False,False
5823a1,False,False
5834a1,False,False
5835h1,False,False
5835h2,False,False
5840c1,False,False
5840c2,False,False
5840f1,False,False
5840f2,False,False
5840g1,False,False
5845d1,False,False
5848f1,False,False
5848f2,False,False
5850n1,False,False
5850n2,False,False
5850n3,False,False
5850n4,False,False
5850t1,False,False
5859a1,False,False
5865a1,False,False
5874g1,False,False
5874g2,False,False
5880k1,False,False
5880k2,False,False
5880k3,False,False
5880k4,False,False
5880bj1,False,False
5880bj2,False,False
5880bj3,False,False
5880bj4,False,False
5889a1,False,False
5898a1,False,False
5904g1,False,False
5904o1,False,False
5904o2,False,False
5920l1,False,False
5920m1,False,False
5922h1,False,False
5922h2,False,False
5922m1,False,False
5922m2,False,False
5929e1,False,False
5929e2,False,False
5929e3,False,False
5929e4,False,False
5929g1,False,False
5929g2,False,False
5929h1,False,False
5929h2,False,False
5936e1,False,False
5936e2,False,False
5936e3,False,False
5936e4,False,False
5936n1,False,False
5936o1,False,False
5936o2,False,False
5950f1,False,False
5950f2,False,False
5978g1,False,False
5980e1,False,False
5982a1,False,False
5997c1,False,False
6006a1,False,False
6006a2,False,False
6006b1,False,False
6006b2,False,False
6006i1,False,False
6006i2,False,False
6006i3,False,False
6006i4,False,False
6006ba1,False,False
6006ba2,False,False
6020a1,False,False
6021f1,False,False
6032c1,False,False
6032c2,False,False
6032d1,False,False
6036a1,False,False
6040a1,False,False
6040a2,False,False
6048d1,False,False
6048k1,False,False
6048r1,False,False
6048u1,False,False
6050c1,False,False
6050c2,False,False
6066h1,False,False
6066h2,False,False
6066h3,False,False
6066h4,False,False
6066l1,False,False
6072b1,False,False
6072f1,False,True
6072i1,False,True
6090d1,False,False
6090d2,False,False
6092c1,False,False
6096k1,False,False
6096n1,False,False
6104a1,False,False
6104a2,False,False
6104d1,False,False
6105l1,False,False
6105l2,False,False
6105l3,False,False
6105l4,False,False
6111c1,False,False
6114c1,False,False
6123a1,False,True
6123a2,False,True
6123e1,False,False
6123e2,False,False
6130b1,False,False
6130b2,False,False
6135a1,False,False
6135c1,False,False
6135c2,False,False
6135c3,False,False
6135c4,False,False
6150y1,False,False
6150y2,False,False
6150y3,False,False
6150y4,False,False
6160d1,False,False
6160d2,False,False
6160d3,False,False
6160d4,False,False
6168g1,False,False
6190f1,False,False
6190f2,False,False
6192a1,False,False
6192a2,False,False
6192b1,False,False
6192b2,False,False
6195b1,False,False
6195b2,False,False
6195b3,False,False
6195b4,False,False
6214d1,False,False
6216t1,False,False
6216t2,False,False
6230e1,False,False
6230e2,False,False
6242a1,False,False
6242a2,False,False
6256a1,False,False
6256a2,False,False
6258v1,False,False
6264e1,False,False
6267a1,False,False
6267a2,False,False
6267d1,False,False
6267e1,False,False
6286b1,False,False
6288c1,False,False
6290i1,False,False
6304c1,False,True
6304c2,False,True
6307e1,False,False
6310e1,False,False
6315b1,False,False
6315b2,False,False
6315b3,False,False
6315b4,False,False
6315c1,False,False
6315c2,False,False
6320f1,False,False
6325d1,False,False
6325d2,False,False
6325g1,False,False
6325g2,False,False
6336x1,False,False
6336x2,False,False
6336y1,False,False
6336y2,False,False
6336y3,False,False
6336z1,False,False
6336z2,False,False
6336z3,False,False
6336z4,False,False
6336bd1,False,False
6336bd2,False,False
6336bd3,False,False
6336bd4,False,False
6336bg1,False,False
6336bg2,False,False
6336bg3,False,False
6336bg4,False,False
6336bx1,False,False
6336bx2,False,False
6336bz1,False,False
6336bz2,False,False
6336bz3,False,False
6336bz4,False,False
6336cc1,False,False
6336cc2,False,False
6336cc3,False,False
6336cc4,False,False
6336cd1,False,False
6336cd2,False,False
6336cd3,False,False
6336cd4,False,False
6342g1,False,True
6342g2,False,True
6342j1,False,False
6342j2,False,False
6342j3,False,False
6342j4,False,False
6352e1,False,False
6355f1,False,False
6360a1,False,False
6360a2,False,False
6360a3,False,False
6360a4,False,False
6370ba1,False,False
6372g1,False,False
6372l1,True,False
6378d1,False,False
6380a1,False,False
6380a2,False,False
6390v1,False,False
6390v2,False,False
6392b1,False,False
6392b2,False,False
6394c1,False,False
6400a1,False,False
6400a2,False,False
6400s1,False,False
6400s2,False,False
6400t1,False,False
6400t2,False,False
6402a1,False,False
6402a2,False,False
6405d1,False,False
6405d2,False,False
6405d3,False,False
6405d4,False,False
6405l1,False,False
6405l3,False,False
6405m1,False,False
6405m2,False,False
6411a1,False,False
6411a2,False,False
6433a1,False,False
6435g1,False,False
6435g2,False,False
6435h1,False,False
6435h2,False,False
6435h3,False,False
6435h4,False,False
6440c1,False,False
6440g1,False,False
6440g2,False,False
6448e1,False,False
6448i1,False,False
6448i2,False,False
6461c1,False,False
6462b1,False,False
6462f1,False,False
6462i1,False,False
6465d1,False,False
6465d2,False,False
6486a1,False,False
6486a2,False,False
6486e1,False,False
6486e2,False,False
6486n1,False,False
6486n2,False,False
6489a1,False,False
6489b1,False,False
6495a1,False,True
6495d1,False,False
6497c1,False,False
6497c2,False,False
6497c3,False,False
6497c4,False,False
6516c1,False,False
6516d1,False,False
6516f1,False,False
6525j1,False,False
6525j2,False,False
6525k1,False,False
6525k2,False,False
6525l1,False,False
6525l2,False,False
6525m1,False,False
6528d1,False,False
6528d2,False,False
6534a1,False,False
6534i1,False,False
6534k1,False,False
6534l1,False,False
6534u1,False,False
6534v1,False,False
6540e1,False,False
6549a1,False,False
6552s1,False,False
6552s2,False,False
6560b1,False,False
6560b2,False,False
6560g1,False,False
6560g2,False,False
6566j1,False,False
6566k1,False,False
6567b1,False,False
6570ba1,False,False
6570bc1,False,False
6570bc2,False,False
6594o1,False,False
6600c1,False,False
6600c2,False,False
6618b1,False,False
6618b2,False,False
6622g1,False,False
6622g2,False,False
6622h1,False,False
6622h2,False,False
6626a1,False,False
6627g1,False,False
6627g2,False,False
6627g3,False,False
6627g4,False,False
6633b1,False,False
6633b2,False,False
6633h1,False,False
6642a1,False,False
6642p1,False,False
6660a1,False,True
6664d1,False,False
6664d2,False,False
6666c1,False,False
6666c2,False,False
6677a1,False,False
6678a1,False,False
6678a2,False,False
6678j1,False,False
6678j2,False,False
6678u1,False,False
6700h1,False,False
6708g1,False,False
6708g2,False,False
6720d1,False,False
6720d2,False,False
6720d3,False,False
6720d4,False,False
6720v1,False,True
6720v2,False,True
6720v3,False,True
6720v4,False,True
6720y1,False,False
6720y2,False,False
6720y3,False,False
6720y4,False,False
6720bb1,False,False
6720bb2,False,False
6720bb3,False,False
6720bb4,False,False
6720bl1,False,False
6720bl2,False,False
6720bl3,False,False
6720bl4,False,False
6720bp1,False,False
6720bp2,False,False
6720bp3,False,False
6720bp4,False,False
6720bq1,False,False
6720bq2,False,False
6720bq3,False,False
6720bq4,False,False
6720cm1,False,False
6720cm4,False,False
6728a1,False,False
6762a1,False,False
6762j1,False,False
6762l1,False,False
6762o1,False,False
6762o2,False,False
6762p1,False,False
6762q1,False,False
6765c1,False,False
6765c2,False,False
6765c3,False,False
6765c4,False,False
6768o1,False,False
6768o2,False,False
6768o3,False,False
6768o4,False,False
6768p1,False,False
6768p2,False,False
6768p3,False,False
6768p4,False,False
6774c1,False,False
6774c2,False,False
6795g1,False,False
6795g2,False,False
6795j1,False,False
6795k1,False,False
6798f1,False,False
6800d1,False,False
6800d2,False,False
6806f1,False,False
6810j1,False,False
6810j2,False,False
6816f1,False,False
6816f2,False,False
6818c1,False,False
6818c2,False,False
6846a1,False,False
6846a2,False,False
6846b1,False,False
6850a1,False,False
6850a2,False,False
6850b1,False,False
6850b2,False,False
6850e1,False,False
6850i1,False,False
6864a1,False,False
6864a2,False,False
6890d1,False,False
6890k1,False,False
6890k2,False,False
6909d1,False,False
6909d2,False,False
6909d3,False,False
6909d4,False,False
6910d1,False,False
6910h1,False,False
6912a1,False,False
6912b1,False,False
6912s1,False,False
6912t1,False,False
6914b1,False,False
6930w1,False,False
6930w2,False,False
6930bf1,False,False
6930bf2,False,False
6930bi1,False,False
6930bi3,False,False
6930bi4,False,False
6942c1,False,True
6944d1,False,False
6944d2,False,False
6950c1,False,False
6950c2,False,False
6958g1,False,False
6958k1,False,False
6958k2,False,False
6958k3,False,False
6958k4,False,False
6960i1,False,False
6960i2,False,False
6960i3,False,False
6960i4,False,False
6960q1,False,False
6960q2,False,False
6960r1,False,False
6960x1,False,False
6960x2,False,False
6960x3,False,False
6960x4,False,False
6960bb1,False,False
6960bo1,False,False
6960bo2,False,False
6960bo3,False,False
6960bo4,False,False
6972e1,False,False
6972f1,False,False
6972f2,False,False
6984i1,False,False
6984i2,False,False
6990d1,False,False
6994a1,True,True
6994c1,False,False
7008a1,False,True
7008a2,False,True
7014f1,False,False
7014f2,False,False
7014i1,False,False
7014j1,False,False
7014j2,False,False
7016a1,False,False
7018b1,False,False
7018b2,False,False
7019a1,False,False
7025a1,False,False
7029e1,False,False
7035b1,False,False
7035b2,False,False
7042c1,False,False
7042c2,False,False
7050h1,False,False
7050h2,False,False
7050h3,False,False
7050h4,False,False
7050i1,False,False
7050j1,False,False
7050j2,False,False
7050p1,False,False
7050x1,False,True
7050y1,False,False
7052a1,False,False
7062l1,False,False
7062l2,False,False
7062m1,False,False
7062m2,False,False
7070f1,False,False
7070f2,False,False
7070h1,False,False
7077e1,False,False
7077e2,False,False
7084d1,False,False
7104b1,False,False
7104b2,False,False
7104b3,False,False
7104b4,False,False
7104c1,False,False
7104c2,False,False
7104v1,False,False
7104v2,False,False
7104v3,False,False
7104v4,False,False
7104w1,False,False
7104w2,False,False
7119h1,False,False
7119q1,False,False
7119q2,False,False
7119q3,False,False
7119q4,False,False
7120c1,False,False
7120c2,False,False
7120d1,False,False
7120d2,False,False
7120k1,False,False
7120k2,False,False
7120n1,False,False
7120n2,False,False
7130i1,False,False
7130i2,False,False
7140c1,False,False
7140c2,False,False
7140p1,False,False
7140p2,False,False
7145a1,False,False
7146l1,False,False
7150c1,False,False
7150d1,False,True
7150d2,False,True
7150s1,False,False
7150s2,False,False
7154j1,False,False
7154j3,False,False
7154j4,False,False
7155b1,False,False
7155d1,False,False
7155i1,False,False
7155j1,False,True
7158a1,False,False
7158a2,False,False
7170b1,False,False
7176c1,False,False
7176c2,False,False
7176c3,False,False
7184e1,False,False
7200a1,False,False
7200a2,False,False
7200q1,False,False
7200q2,False,False
7200bd1,False,False
7200bd2,False,False
7200be1,False,False
7200be2,False,False
7200bg1,False,False
7200bg2,False,False
7200bg3,False,False
7200bg4,False,False
7200bn1,False,False
7200bn2,False,False
7200bn3,False,False
7200bn4,False,False
7200bp1,False,False
7200bp2,False,False
7200bp3,False,False
7200bp4,False,False
7210l1,False,False
7215d1,False,False
7215d2,False,False
7218b1,False,False
7218e1,False,False
7225e1,False,True
7225e2,False,True
7230d1,False,False
7230d2,False,False
7230n1,False,False
7230n2,False,False
7238e1,False,False
7245k1,False,False
7245k2,False,False
7248g1,False,False
7254c1,False,False
7254c2,False,False
7259c1,False,False
7266i1,False,False
7268d1,False,False
7275i1,False,True
7280w1,False,False
7280w2,False,False
7280w3,False,False
7280w4,False,False
7310f1,False,False
7310f2,False,False
7310f3,False,False
7310f4,False,False
7332b1,False,False
7332b2,False,False
7335c1,False,False
7335c2,False,False
7335c3,False,False
7335c4,False,False
7344n1,False,False
7350z1,False,False
7350z2,False,False
7350bt1,False,False
7350bu1,False,False
7350bu2,False,False
7350bu3,False,False
7350bu4,False,False
7354a1,False,False
7358g1,False,False
7360x1,False,False
7362b1,False,False
7362b2,False,False
7371d1,True,False
7371e1,False,False
7374d1,False,False
7377c1,False,False
7378m1,False,False
7378m2,False,False
7395b1,False,False
7395b2,False,False
7440b1,False,False
7440b2,False,False
7440g1,False,False
7440g2,False,False
7440m1,False,False
7440m2,False,False
7440n1,False,False
7440n2,False,False
7440s1,False,False
7440s2,False,False
7446c1,False,False
7446c2,False,False
7446d1,False,False
7446d2,False,False
7446f1,False,False
7446f2,False,False
7462a1,False,False
7470h1,False,False
7475d1,False,False
7475e1,False,False
7475g1,False,False
7479a1,False,False
7480c1,False,False
7488v1,False,False
7488v2,False,False
7488bk1,False,False
7488bk2,False,False
7488bl1,False,False
7488bl2,False,False
7488bs1,False,False
7488bs2,False,False
7488bs3,False,False
7488bs4,False,False
7504b1,False,False
7504c1,False,False
7510c1,False,False
7522b1,False,True
7522b2,False,True
7531b1,False,False
7535a1,False,False
7535a2,False,False
7550g1,False,False
7550g2,False,False
7551c1,False,False
7551c2,False,False
7560p1,False,False
7566n1,False,False
7576a1,False,False
7579c1,False,False
7579c2,False,False
7579e1,False,False
7592b1,False,False
7605m1,False,False
7605t1,False,False
7614q1,False,False
7615b1,False,False
7616b1,False,False
7616b2,False,False
7616k1,False,False
7616k2,False,False
7620a1,False,False
7623c1,False,False
7623d1,False,False
7630b1,False,False
7630d1,False,False
7636e1,False,False
7644k1,False,False
7644k2,False,False
7645b1,False,False
7645b2,False,False
7672b1,False,False
7672b2,False,False
7672d1,False,False
7672e1,False,False
7672e2,False,False
7678a1,False,False
7686a1,False,False
7686a2,False,False
7698c1,False,False
7722y1,False,False
7728f1,False,False
7728l1,False,False
7728l2,False,False
7728l3,False,False
7728l4,False,False
7728m1,False,False
7742h1,False,False
7742l1,False,False
7742l2,False,False
7742m1,False,False
7742m2,False,False
7744a1,False,False
7744a2,False,False
7744t1,False,False
7744t2,False,False
7744t3,False,False
7744t4,False,False
7744y1,False,False
7744y2,False,False
7744y3,False,False
7760a1,False,False
7761d1,False,False
7761d2,False,False
7761d3,False,False
7761d4,False,False
7770b1,False,False
7770t1,False,False
7770bd1,False,False
7791g1,False,False
7791g2,False,False
7797b1,False,False
7800j1,False,False
7800o1,False,False
7800o2,False,False
7800o3,False,False
7800o4,False,False
7800p1,False,False
7800p2,False,False
7821b1,False,False
7824j1,False,False
7824j2,False,False
7833c1,False,False
7833c2,False,False
7840a1,False,False
7840b1,False,False
7840i1,False,False
7840j1,False,False
7840k1,False,False
7840m1,False,True
7846b1,False,False
7850b1,False,False
7850b2,False,False
7854a1,False,False
7854a2,False,False
7854a3,False,False
7854a4,False,False
7854c1,False,False
7854c2,False,False
7854s1,False,False
7872a1,False,False
7872b1,False,False
7872b2,False,False
7872d1,False,False
7872d2,False,False
7872bb1,False,False
7872bc1,False,False
7872bc2,False,False
7874g1,False,False
7874g2,False,False
7878f1,False,False
7890k1,False,False
7890k2,False,False
7890k3,False,False
7890k4,False,False
7890m1,False,False
7890n1,False,False
7896e1,False,False
7896e2,False,False
7896e3,False,False
7896e4,False,False
7896i1,False,False
7896i2,False,False
7896i3,False,False
7896i4,False,False
7898f1,False,False
7898f2,False,False
7900b1,False,False
7900b2,False,False
7900d1,False,False
7902b1,False,False
7908b1,False,False
7910a1,False,False
7920h1,False,False
7920h2,False,False
7920h3,False,False
7920h4,False,False
7920n1,False,False
7920n2,False,False
7935d1,False,False
7936a1,False,False
7936a2,False,False
7936d1,False,False
7936d2,False,False
7950g1,False,False
7950g2,False,False
7950bp2,False,False
7952d1,False,False
7952d2,False,False
7952d3,False,False
7952d4,False,False
7952g1,False,False
7954d1,False,False
7954d2,False,False
7954g1,False,False
7960a1,False,False
7960a2,False,False
7960a3,False,False
7960a4,False,False
7966f1,False,False
7972a1,False,False
7974l1,False,False
7994b1,False,False
7995d1,False,False
7995h1,False,False
8010f1,False,False
8010f2,False,False
8016b1,False,False
8016h1,False,False
8016h2,False,False
8016i1,False,False
8025b1,False,False
8025b2,False,False
8032d1,False,False
8034g1,False,False
8040d1,False,False
8040d2,False,False
8043c1,False,False
8043c2,False,False
8048b1,False,False
8048j1,False,False
8050j1,False,False
8050r1,False,False
8055g1,False,True
8062c1,False,False
8064h1,False,False
8064h2,False,False
8064l1,False,False
8064l2,False,False
8064n1,False,False
8064n2,False,False
8064q1,False,False
8064q2,False,False
8064s1,False,False
8064s2,False,False
8070a1,False,False
8070c1,False,False
8070c2,False,False
8082h1,False,False
8088f1,False,False
8088f2,False,False
8106l1,False,False
8106l2,False,False
8110b1,False,False
8112a1,False,False
8112a2,False,False
8112c1,False,False
8112d1,False,False
8112x1,False,False
8112x2,False,False
8112z1,False,False
8112z2,False,False
8112bh1,False,False
8112bh2,False,False
8112bh3,False,False
8112bh4,False,False
8115b1,False,False
8118b1,False,False
8118b2,False,False
8118s1,False,False
8118s2,False,False
8120h1,False,False
8120h2,False,False
8121b1,False,False
8136e1,False,False
8136f1,False,False
8138a1,False,False
8142a1,False,False
8142a2,False,False
8145f1,False,False
8145f2,False,False
8160d1,False,False
8160d2,False,False
8160i1,False,False
8160i2,False,False
8160i3,False,False
8160i4,False,False
8160j1,False,False
8160j2,False,False
8162a1,False,False
8162d1,False,False
8162j1,False,False
8162j2,False,False
8162k1,False,False
8162k2,False,False
8166a1,False,False
8166a2,False,False
8175d1,False,False
8178i1,False,False
8184h1,False,False
8184h2,False,False
8186a1,False,False
8187b1,False,False
8190a1,False,False
8190a2,False,False
8190c1,False,False
8190c2,False,False
8190e1,False,False
8190e2,False,False
8190ba1,False,False
8190ba2,False,False
8190bd1,False,False
8190bd2,False,False
8190be1,False,False
8190be2,False,False
8200a1,False,False
8200a2,False,False
8210e1,False,False
8210e2,False,False
8214b1,False,False
8214b2,False,False
8220a1,False,False
8220a2,False,False
8226e1,False,False
8226e2,False,False
8239c1,False,False
8239c2,False,False
8241e1,False,False
8245a1,False,False
8245a2,False,False
8245a3,False,False
8245a4,False,False
8253f1,False,False
8253f2,False,False
8253f3,False,False
8253f4,False,False
8256bi1,False,False
8256bl1,False,True
8268a1,False,True
8268a2,False,True
8272k1,False,False
8274g1,False,False
8274s1,False,False
8280q1,False,False
8280q2,False,False
8280s1,False,False
8280u1,False,False
8288b1,False,False
8288c1,False,False
8288c2,False,False
8288d1,False,False
8288i1,False,False
8288j1,False,False
8294c1,False,False
8300b1,False,False
8300f1,False,False
8319c1,False,False
8320c1,False,False
8320c2,False,False
8325m1,False,False
8325n1,False,False
8325x1,False,False
8334c1,False,False
8335a1,False,False
8344c1,False,False
8346b1,False,False
8346b2,False,False
8346b3,False,False
8346b4,False,False
8346c1,False,False
8346c2,False,False
8346e1,False,False
8355c1,False,False
8358e1,False,False
8358e2,False,False
8371b1,False,False
8374e1,False,False
8384a1,False,False
8384l1,False,False
8386c1,False,False
8386d1,False,True
8386e1,False,False
8386e2,False,False
8386e3,False,False
8386e4,False,False
8388b1,False,False
8400a1,False,False
8400a2,False,False
8400a3,False,False
8400a4,False,False
8400d1,False,False
8400d2,False,False
8400d3,False,False
8400d4,False,False
8400ct1,False,False
8400ct2,False,False
8414b1,False,False
8414d1,False,False
8414d2,False,False
8415m1,False,False
8433b1,False,False
8433b2,False,False
8437a1,False,False
8438a1,False,True
8446a1,False,False
8446a2,False,False
8450b1,False,False
8450w1,False,False
8450w2,False,False
8463d1,False,False
8463d2,False,False
8463e1,False,False
8463e2,False,False
8463f1,False,False
8463f2,False,False
8466d1,False,False
8466e1,False,False
8466e2,False,False
8466e3,False,False
8466e4,False,False
8470h1,False,False
8470h2,False,False
8470h3,False,False
8470h4,False,False
8470bg1,False,False
8470bg2,False,False
8475d1,False,False
8478b1,False,False
8478g1,False,False
8496b1,False,False
8496b2,False,False
8496i1,False,False
8496k1,False,False
8496k2,False,False
8496n1,False,False
8503c1,False,False
8510e1,False,False
8510e2,False,False
8525b1,False,False
8525b2,False,False
8525c1,False,False
8525c2,False,False
8526f1,False,False
8526f2,False,False
8526bc1,False,False
8526bc2,False,False
8530a1,False,False
8540c1,False,False
8540c2,False,False
8541d1,False,False
8541d2,False,False
8546a1,False,False
8546b1,False,False
8546b2,False,False
8556a1,False,False
8560a1,False,False
8565g1,False,False
8568a1,False,False
8568a2,False,False
8568h1,False,False
8568h2,False,False
8600e1,False,False
8601g1,False,False
8610a1,False,False
8610a2,False,False
8610a3,False,False
8610a4,False,False
8610o1,False,False
8610o2,False,False
8610o3,False,False
8610o4,False,False
8618a1,False,False
8619j1,False,False
8619j2,False,False
8624p1,False,False
8624r1,False,False
8624r2,False,False
8624r3,False,False
8624s1,False,False
8624s2,False,False
8628a1,False,False
8635d1,False,False
8638f1,False,False
8640bo1,False,False
8640bv1,False,False
8650b1,False,True
8650f1,False,False
8650f2,False,False
8650h1,False,False
8650h2,False,False
8670b1,False,False
8670b2,False,False
8670k1,False,False
8670k2,False,False
8680c1,False,False
8680c2,False,False
8688j1,False,False
8698a1,False,False
8700i1,False,False
8701a1,False,False
8701a2,False,False
8701d1,False,True
8701d2,False,True
8712i1,False,False
8712k1,False,False
8712k2,False,False
8712k3,False,False
8712k4,False,False
8715c1,False,False
8715c2,False,False
8715c3,False,False
8715c4,False,False
8720i1,False,False
8720k1,False,False
8730c1,False,False
8730c2,False,False
8730d1,False,False
8730n1,False,False
8730n2,False,False
8736j1,False,False
8736j2,False,False
8736j3,False,False
8736j4,False,False
8742j1,False,False
8760c1,False,False
8760c2,False,False
8766i1,False,False
8766l1,False,False
8768d1,False,False
8768d2,False,False
8784p1,False,False
8784q1,False,False
8784r1,False,False
8784r2,False,False
8802h1,False,False
8802j1,False,False
8820b1,False,False
8820b2,False,False
8820d1,False,True
8820d2,False,True
8820z1,False,False
8820z2,False,False
8825b1,False,False
8825b2,False,False
8827a1,False,False
8830d1,False,False
8840c1,False,False
8840c2,False,False
8848f1,False,False
8850bb1,False,False
8850bd1,False,False
8859b1,False,False
8859b2,False,False
8870a1,False,False
8890g1,False,False
8890i1,False,False
8890i2,False,False
8896b1,False,False
8896j1,False,True
8900c1,False,False
8900c2,False,False
8905a1,False,False
8905a2,False,False
8905a3,False,False
8905a4,False,False
8914c1,False,False
8922b1,False,False
8922b2,False,False
8925t1,False,False
8925t3,False,False
8925t4,False,False
8929a1,False,False
8932d1,False,False
8950a1,False,False
8950a2,False,False
8950e1,False,False
8958a1,False,False
8961a1,False,False
8961c1,False,False
8961c2,False,False
8961c3,False,False
8961c4,False,False
8970l1,False,False
8970l2,False,False
8970l3,False,False
8970l4,False,False
8985b1,False,False
8985b2,False,False
8996a1,False,False
8996a2,False,False
9015a1,False,False
9015a2,False,False
9015b1,False,False
9015b2,False,False
9016g1,False,False
9016i1,False,False
9016i2,False,False
9018h1,False,False
9024c1,False,False
9024e1,False,False
9024e2,False,False
9024e3,False,False
9024e4,False,False
9024h1,False,False
9024u1,False,False
9024x1,False,False
9024bm1,False,False
9024bm2,False,False
9024bm3,False,False
9024bm4,False,False
9030j1,False,False
9030j2,False,False
9030j3,False,False
9030j4,False,False
9030bc3,False,False
9030bc4,False,False
9040d1,False,False
9040d2,False,False
9040d3,False,False
9040d4,False,False
9042j1,False,False
9048a1,False,False
9048a2,False,False
9048p1,False,False
9048p2,False,False
9048p3,False,False
9048p4,False,False
9050a1,False,False
9052c1,False,False
9054a1,False,False
9054c1,False,False
9054d1,False,False
9054j1,False,False
9054j2,False,False
9054j3,False,False
9054j4,False,False
9054m1,False,False
9054o1,False,False
9054p1,False,False
9058c1,False,False
9058c2,False,False
9060c1,False,False
9060d1,False,False
9075k1,False,True
9075k2,False,True
9075k3,False,True
9075k4,False,True
9089a1,False,False
9089a2,False,False
9100h1,False,False
9106a1,False,False
9106a2,False,False
9106a3,False,False
9106a4,False,False
9108b1,False,False
9108c1,False,False
9108d1,False,False
9108e1,False,False
9108g1,False,False
9108q1,False,False
9114t1,False,False
9114t2,False,False
9114t3,False,False
9114t4,False,False
9119b1,False,False
9119d1,False,False
9123b1,False,False
9126c1,False,False
9126d1,False,False
9126bh1,False,False
9135f1,False,False
9135f2,False,False
9135f3,False,False
9135f4,False,False
9135o1,False,False
9150n1,False,False
9150n2,False,False
9150u1,False,False
9150u2,False,False
9152a1,False,False
9152a2,False,False
9152d1,False,False
9152m1,False,False
9152ba1,False,False
9152ba2,False,False
9152bb1,False,False
9153b1,False,False
9156d1,False,False
9156d2,False,False
9156e1,False,False
9156e2,False,False
9156i1,False,False
9156i2,False,False
9168h1,False,False
9168h2,False,False
9168h3,False,False
9168h4,False,False
9171a1,False,False
9171a2,False,False
9174b1,False,False
9174b2,False,False
9175a1,False,False
9180b1,False,False
9192f1,False,False
9192f2,False,False
9195c1,False,False
9198d1,False,False
9198d2,False,False
9198d3,False,False
9198d4,False,False
9213b1,True,False
9213b2,True,False
9218d1,False,False
9220b1,False,False
9220b2,False,False
9222i1,False,False
9222i2,False,False
9225b1,False,False
9225x1,False,False
9225x2,False,False
9225z1,False,False
9225bb1,False,False
9232a1,False,False
9232a2,False,False
9235a1,False,False
9240g1,False,False
9240g3,False,False
9240g4,False,False
9240q1,False,False
9240q2,False,False
9240q3,False,False
9240q4,False,False
9240r1,False,False
9240r2,False,False
9240r3,False,False
9240r4,False,False
9240z1,False,False
9240z2,False,False
9240z3,False,False
9240z4,False,False
9251a1,False,False
9251a2,False,False
9252a1,False,False
9260c1,False,False
9264i1,False,False
9264i2,False,False
9270s1,False,False
9280k1,False,False
9280k2,False,False
9280l1,False,False
9280l2,False,False
9282e1,False,False
9282e2,False,False
9292b1,False,False
9298a1,False,False
9298a2,False,False
9300d1,False,False
9300d2,False,False
9306d1,False,False
9308c1,False,False
9312a1,False,False
9312q1,False,False
9312r1,False,False
9324h1,False,False
9324h2,False,False
9328i1,False,False
9328j1,False,False
9328k1,False,False
9338f1,False,False
9338f2,False,False
9345f1,False,False
9345f4,False,False
9350l1,False,False
9356a1,False,False
9359a1,False,False
9359a2,False,False
9360n1,False,False
9360n2,False,False
9360n3,False,False
9360n4,False,False
9360o1,False,False
9360o2,False,False
9360o3,False,False
9360o4,False,False
9360q1,False,False
9360q2,False,False
9360q3,False,False
9360q4,False,False
9360bc1,False,False
9382a1,False,False
9393a1,False,True
9393a2,False,True
9394a1,False,False
9396f1,False,False
9408be1,False,False
9408be2,False,False
9408bh1,False,False
9408bh2,False,False
9408cf1,False,True
9408cn1,False,False
9413a1,False,False
9422b1,False,False
9422b2,False,False
9432d1,False,False
9432f1,False,False
9432f2,False,False
9435d1,False,False
9435g1,False,False
9435g2,False,False
9435g3,False,False
9435g4,False,False
9438j1,False,False
9438j2,False,False
9438x1,False,False
9438x2,False,False
9440d1,False,False
9440d2,False,False
9450y1,False,True
9450bq1,False,False
9474g1,False,False
9482a1,False,False
9490b1,False,False
9490k1,False,False
9490k2,False,False
9504a1,False,False
9504b1,False,False
9504f1,False,False
9504h1,False,False
9530g1,False,False
9537a1,False,False
9540c1,False,False
9554a1,False,False
9554a2,False,False
9568e1,False,False
9568e2,False,False
9570l1,False,False
9570l2,False,False
9570l3,False,False
9570l4,False,False
9578a1,False,False
9591c1,False,False
9594a1,False,False
9594b1,False,False
9594c1,False,False
9594g1,False,False
9594k1,False,True
9594l1,False,False
9594m1,False,False
9600a1,False,False
9600a2,False,False
9600b1,False,False
9600b2,False,False
9600bu1,False,False
9600bu2,False,False
9600bw1,False,False
9600bw2,False,False
9600by1,False,False
9600by2,False,False
9646a1,False,True
9648a1,False,False
9648b1,False,False
9650c1,False,False
9650j1,False,False
9651a1,False,False
9651a2,False,False
9654c1,False,False
9654c2,False,False
9675l1,False,False
9675n1,False,False
9675s1,False,False
9675u1,False,False
9675v1,False,False
9680c1,False,False
9680c2,False,False
9680d1,False,False
9680d2,False,False
9681a1,False,False
9683b1,False,False
9696g1,False,False
9702n1,False,False
9702p1,False,False
9702p2,False,False
9702p3,False,False
9702p4,False,False
9702t1,False,True
9702t2,False,True
9702t3,False,True
9702t4,False,True
9730b1,False,False
9744d1,False,False
9744d2,False,False
9744e1,False,False
9744e2,False,False
9748a1,False,False
9748b1,False,False
9748c1,False,False
9752a1,False,False
9752d1,False,False
9760a1,False,False
9760a2,False,False
9768i1,False,False
9768i2,False,False
9780i1,False,False
9780j1,False,False
9786d4,False,False
9792bl1,False,False
9792bl2,False,False
9792bl3,False,False
9792bl4,False,False
9792bm1,False,False
9792bm2,False,False
9792bm3,False,False
9792bm4,False,False
9792br1,False,False
9792br2,False,False
9795a1,False,False
9795a2,False,False
9796d1,False,False
9800q1,False,False
9800s1,False,False
9800t1,False,False
9800bi1,False,False
9800bj1,False,False
9800bk1,False,False
9802a1,False,False
9802a2,False,False
9810k1,False,False
9810u1,False,False
9840i1,False,False
9840i2,False,False
9840n1,False,False
9840n2,False,False
9840n3,False,False
9840n4,False,False
9854b1,False,False
9870o1,False,False
9870o2,False,False
9872a1,False,False
9872f1,False,False
9872f2,False,False
9878h1,False,False
9878h2,False,False
9879b1,False,False
9888a1,False,False
9894a1,False,False
9894a2,False,False
9906e1,False,False
9906e2,False,False
9914a1,False,False
9916a1,False,False
9916b1,False,False
9920a1,False,False
9920a2,False,False
9920t1,False,False
9920t2,False,False
9930b1,False,False
9930b2,False,False
9936o1,False,False
9936u1,False,False
9936bj1,False,False
9952b1,False,False
9990m1,False,False
9990n1,False,False
9990o1,False,False
9990ba1,False,False
9990bb1,False,False
9999i1,False,False
9999l1,False,False
